iter	Logloss
0	0.5226684307
1	0.4694913631
2	0.4507760695
3	0.4433482556
4	0.4391764838
5	0.4377835866
6	0.4372566068
7	0.4354222267
8	0.4353231793
9	0.4352846456
10	0.4351653636
11	0.4351492882
12	0.4351086084
13	0.4349920021
14	0.434852248
15	0.4344276649
16	0.4344276581
17	0.4341291955
18	0.4337562648
19	0.4337432921
